,Incident ID
0,002075129400002426692019
1,002075129400003404212020
2,002075129400003468712018
3,002075129400005480682019
4,002075129400005705862018
5,002075129400006062622018
6,002075129500001997472019
7,002075129500004826332019
8,002075129500005696732018
9,002075129500005988202018
10,002028376600003343792018
11,002075129400000800102021
12,002075129400001835832020
13,002075129400002062232019
14,002075129400002543742018
15,002075129400004108582018
16,002075129400005657912020
17,002075129400006288772020
18,002075129500002372302020
19,002075129500008214722020
20,002028376500004575062020
21,002075129400000088992020
22,002075129400000433812020
23,002075129400003002322019
24,002075129400005693012019
25,002075129500000499262019
26,002075129500000945712019
27,002075129500003065382020
28,002075129500006161832020
29,002075129500008660012020
30,002024211800000005412021
31,002028376600004388852020
32,002075129400000019342020
33,002075129400003966292018
34,002075129400004442552019
35,002075129500005636672018
36,002075129500006371642020
37,002075129500006731472019
38,002075129500006867632020
39,002075129500008440952020
40,002028376500001343752019
41,002028376600001195052019
42,002028376600002016212020
43,002075129400006021742019
44,002075129500004770512019
45,002075129500004802572019
46,002075129500004914072018
47,002075129500005711082019
48,002075129500006086802019
49,002075129500006580712019
50,002028376500001898152019
51,002075129400000558872020
52,002075129400000897672021
53,002075129400008072222019
54,002075129500001771152019
55,002075129500003980532018
56,002075129500005167332019
57,002075129500005313832020
58,002075129500006625402020
59,002075129500008059252020
